time,kpi,trend,threshold
2014-10-30 00:00:00,1383.088678,1015.192545,2000.0
2014-10-30 01:00:00,791.469465,1015.252206,2000.0
2014-10-30 02:00:00,627.029621,1015.311858,2000.0
2014-10-30 03:00:00,319.299886,1015.371501,2000.0
2014-10-30 04:00:00,525.004901,1015.431136,2000.0
2014-10-30 05:00:00,991.379973,1015.490762,2000.0
2014-10-30 06:00:00,1060.914063,1015.550379,2000.0
2014-10-30 07:00:00,1451.339698,1015.609987,2000.0
2014-10-30 08:00:00,878.966528,1015.669585,2000.0
2014-10-30 09:00:00,663.369461,1015.729175,2000.0
2014-10-30 10:00:00,497.522380,1015.788756,2000.0
2014-10-30 11:00:00,1365.705155,1015.848327,2000.0
2014-10-30 12:00:00,1475.966354,1015.907889,2000.0
2014-10-30 13:00:00,1746.942357,1015.967442,2000.0
2014-10-30 14:00:00,1495.046840,1016.026985,2000.0
2014-10-30 15:00:00,1014.516613,1016.086520,2000.0
2014-10-30 16:00:00,834.514378,1016.146044,2000.0
2014-10-30 17:00:00,957.399326,1016.205559,2000.0
2014-10-30 18:00:00,1201.141143,1016.265064,2000.0
2014-10-30 19:00:00,1687.465877,1016.324558,2000.0
2014-10-30 20:00:00,1717.100644,1016.384043,2000.0
2014-10-30 21:00:00,1072.337520,1016.443517,2000.0
2014-10-30 22:00:00,1336.484282,1016.502980,2000.0
2014-10-30 23:00:00,1300.268610,1016.562431,2000.0
2014-10-31 12:00:00,1274.814167,1016.621872,2000.0
2014-10-31 13:00:00,564.738666,1016.681300,2000.0
2014-10-31 14:00:00,418.220406,1016.740716,2000.0
2014-10-31 15:00:00,380.431939,1016.800120,2000.0
2014-10-31 16:00:00,465.321474,1016.859511,2000.0
2014-10-31 17:00:00,1148.411125,1016.918888,2000.0
2014-10-31 18:00:00,1046.138068,1016.978252,2000.0
2014-10-31 19:00:00,1934.063559,1017.037602,2000.0
2014-10-31 20:00:00,1152.260334,1017.096938,2000.0
2014-10-31 21:00:00,889.727756,1017.156261,2000.0
2014-10-31 22:00:00,651.490721,1017.215568,2000.0
2014-10-31 23:00:00,1408.129228,1017.274861,2000.0
2014-11-01 00:00:00,1547.197407,1017.334139,2000.0
2014-11-01 01:00:00,1678.856894,1017.393401,2000.0
2014-11-01 02:00:00,1766.395346,1017.452647,2000.0
2014-11-01 03:00:00,1597.651011,1017.511877,2000.0
2014-11-01 04:00:00,1085.002658,1017.571090,2000.0
2014-11-01 05:00:00,1035.832123,1017.630286,2000.0
2014-11-01 06:00:00,1391.490713,1017.689463,2000.0
2014-11-01 07:00:00,1609.157247,1017.748622,2000.0
2014-11-01 08:00:00,1948.756774,1017.807762,2000.0
2014-11-01 09:00:00,1880.381586,1017.866882,2000.0
2014-11-01 10:00:00,1342.113232,1017.925981,2000.0
2014-11-01 11:00:00,1567.271236,1017.985059,2000.0
2014-10-31 00:00:00,1218.276330,1018.044114,2000.0
2014-10-31 01:00:00,845.275606,1018.103146,2000.0
2014-10-31 02:00:00,733.607169,1018.162153,2000.0
2014-10-31 03:00:00,381.756398,1018.221135,2000.0
2014-10-31 04:00:00,241.446539,1018.280091,2000.0
2014-10-31 05:00:00,517.968713,1018.339019,2000.0
2014-10-31 06:00:00,453.235787,1018.397919,2000.0
2014-10-31 07:00:00,393.676528,1018.456790,2000.0
2014-10-31 08:00:00,614.033369,1018.515631,2000.0
2014-10-31 09:00:00,1065.880783,1018.574442,2000.0
2014-10-31 10:00:00,1023.249764,1018.633222,2000.0
2014-10-31 11:00:00,1652.533275,1018.691970,2000.0
2014-11-02 00:00:00,1816.766172,1018.750685,2000.0
2014-11-02 01:00:00,1881.292152,1018.809367,2000.0
2014-11-02 02:00:00,1954.220167,1018.868015,2000.0
2014-11-02 03:00:00,1896.357871,1018.926627,2000.0
2014-11-02 04:00:00,485.436693,1018.985203,2000.0
2014-11-02 05:00:00,86.981526,1019.043742,2000.0
2014-11-02 06:00:00,255.725861,1019.102243,2000.0
2014-11-02 07:00:00,91.534353,1019.160704,2000.0
2014-11-02 08:00:00,77.379199,1019.219125,2000.0
2014-11-02 09:00:00,81.932026,1019.277504,2000.0
2014-11-02 10:00:00,250.676362,1019.335842,2000.0
2014-11-02 11:00:00,1131.814000,1019.394136,2000.0
2014-11-02 12:00:00,805.707398,1019.452388,2000.0
2014-11-02 13:00:00,585.019442,1019.510595,2000.0
2014-11-02 14:00:00,521.321250,1019.568757,2000.0
2014-11-02 15:00:00,447.275722,1019.626875,2000.0
2014-11-02 16:00:00,360.606446,1019.684946,2000.0
2014-11-02 17:00:00,368.884314,1019.742970,2000.0
2014-11-02 18:00:00,349.679661,1019.800948,2000.0
2014-11-02 19:00:00,464.907580,1019.858878,2000.0
2014-11-02 20:00:00,381.259726,1019.916761,2000.0
2014-11-02 21:00:00,146.168281,1019.974596,2000.0
2014-11-02 22:00:00,150.183046,1020.032382,2000.0
2014-11-02 23:00:00,749.417897,1020.090119,2000.0
2014-11-04 00:00:00,800.906235,1020.147808,2000.0
2014-11-04 01:00:00,749.955958,1020.205449,2000.0
2014-11-04 02:00:00,547.189586,1020.263040,2000.0
2014-11-04 03:00:00,87.064304,1020.320583,2000.0
2014-11-04 04:00:00,80.980072,1020.378077,2000.0
2014-11-04 05:00:00,79.200330,1020.435522,2000.0
2014-11-04 06:00:00,117.857973,1020.492919,2000.0
2014-11-04 07:00:00,80.897293,1020.550268,2000.0
2014-11-04 08:00:00,82.387309,1020.607568,2000.0
2014-11-04 09:00:00,77.751703,1020.664822,2000.0
2014-11-04 10:00:00,79.076162,1020.722028,2000.0
2014-11-04 11:00:00,121.293288,1020.779188,2000.0
2014-11-04 12:00:00,83.339264,1020.836303,2000.0
2014-11-04 13:00:00,77.668924,1020.893373,2000.0
2014-11-04 14:00:00,91.120460,1020.950399,2000.0
2014-11-04 15:00:00,85.946792,1021.007383,2000.0
2014-11-04 16:00:00,725.991531,1021.064325,2000.0
2014-11-04 17:00:00,522.562930,1021.121226,2000.0
2014-11-04 18:00:00,449.055464,1021.178088,2000.0
2014-11-04 19:00:00,332.420306,1021.234913,2000.0
2014-11-04 20:00:00,444.047354,1021.291701,2000.0
2014-11-04 21:00:00,360.523667,1021.348453,2000.0
2014-11-04 22:00:00,613.122804,1021.405173,2000.0
2014-11-04 23:00:00,1553.943869,1021.461860,2000.0
2014-11-05 00:00:00,1539.705936,1021.518518,2000.0
2014-11-05 01:00:00,1570.168490,1021.575146,2000.0
2014-11-05 02:00:00,1755.054667,1021.631748,2000.0
2014-11-05 03:00:00,1788.083360,1021.688324,2000.0
2014-11-05 04:00:00,1420.380472,1021.744877,2000.0
2014-11-05 05:00:00,1085.002658,1021.801407,2000.0
2014-11-05 06:00:00,1211.612646,1021.857916,2000.0
2014-11-05 07:00:00,1618.883742,1021.914405,2000.0
2014-11-05 08:00:00,1653.940512,1021.970877,2000.0
2014-11-05 09:00:00,1952.357647,1022.027332,2000.0
2014-11-05 10:00:00,1430.065577,1022.083772,2000.0
2014-11-05 11:00:00,1809.936931,1022.140198,2000.0
2014-11-03 00:00:00,1446.869649,1022.196612,2000.0
2014-11-03 01:00:00,1044.937778,1022.253014,2000.0
2014-11-03 02:00:00,579.100767,1022.309406,2000.0
2014-11-03 03:00:00,720.942032,1022.365790,2000.0
2014-11-03 04:00:00,332.585864,1022.422166,2000.0
2014-11-03 05:00:00,383.080857,1022.478536,2000.0
2014-11-03 06:00:00,518.258438,1022.534902,2000.0
2014-11-03 07:00:00,378.445251,1022.591264,2000.0
2014-11-03 08:00:00,419.296529,1022.647624,2000.0
2014-11-03 09:00:00,260.899528,1022.703985,2000.0
2014-11-03 10:00:00,354.770549,1022.760347,2000.0
2014-11-03 11:00:00,1213.930449,1022.816713,2000.0
2014-11-03 12:00:00,909.842975,1022.873084,2000.0
2014-11-03 13:00:00,1913.493057,1022.929463,2000.0
2014-11-03 14:00:00,1947.018422,1022.985850,2000.0
2014-11-03 15:00:00,1976.322074,1023.042249,2000.0
2014-11-03 16:00:00,1973.797324,1023.098660,2000.0
2014-11-03 17:00:00,1950.495126,1023.155087,2000.0
2014-11-03 18:00:00,1770.327334,1023.211529,2000.0
2014-11-03 19:00:00,1720.701516,1023.267989,2000.0
2014-11-03 20:00:00,1787.379741,1023.324469,2000.0
2014-11-03 21:00:00,1933.359940,1023.380970,2000.0
2014-11-03 22:00:00,1891.598097,1023.437493,2000.0
2014-11-03 23:00:00,1787.876413,1023.494039,2000.0
2014-11-01 12:00:00,1722.232922,1023.550611,2000.0
2014-11-01 13:00:00,1615.448427,1023.607210,2000.0
2014-11-01 14:00:00,1588.628135,1023.663836,2000.0
2014-11-01 15:00:00,1520.294336,1023.720490,2000.0
2014-11-01 16:00:00,1638.212563,1023.777175,2000.0
2014-11-01 17:00:00,1006.859586,1023.833890,2000.0
2014-11-01 18:00:00,390.448160,1023.890638,2000.0
2014-11-01 19:00:00,247.158268,1023.947419,2000.0
2014-11-01 20:00:00,267.025151,1024.004234,2000.0
2014-11-01 21:00:00,335.276171,1024.061085,2000.0
2014-11-01 22:00:00,585.226389,1024.117972,2000.0
2014-11-01 23:00:00,858.437416,1024.174898,2000.0
2014-11-07 00:00:00,903.262070,1024.231864,2000.0
2014-11-07 01:00:00,1784.482488,1024.288870,2000.0
2014-11-07 02:00:00,1861.839162,1024.345920,2000.0
2014-11-07 03:00:00,1769.996219,1024.403013,2000.0
2014-11-07 04:00:00,1848.677352,1024.460152,2000.0
2014-11-07 05:00:00,1849.836254,1024.517338,2000.0
2014-11-07 06:00:00,1824.423200,1024.574572,2000.0
2014-11-07 07:00:00,1857.369114,1024.631855,2000.0
2014-11-07 08:00:00,1851.698774,1024.689189,2000.0
2014-11-07 09:00:00,1914.651959,1024.746574,2000.0
2014-11-07 10:00:00,1859.397191,1024.804012,2000.0
2014-11-07 11:00:00,1822.809015,1024.861503,2000.0
2014-11-07 12:00:00,1776.784070,1024.919049,2000.0
2014-11-07 13:00:00,1742.265362,1024.976650,2000.0
2014-11-07 14:00:00,1640.737313,1025.034307,2000.0
2014-11-07 15:00:00,1198.368057,1025.092020,2000.0
2014-11-07 16:00:00,911.208823,1025.149791,2000.0
2014-11-07 17:00:00,1145.596650,1025.207619,2000.0
2014-11-07 18:00:00,1388.510681,1025.265506,2000.0
2014-11-07 19:00:00,1307.801470,1025.323453,2000.0
2014-11-07 20:00:00,1341.161277,1025.381458,2000.0
2014-11-07 21:00:00,1129.330640,1025.439524,2000.0
2014-11-07 22:00:00,1078.504532,1025.497651,2000.0
2014-11-07 23:00:00,1250.708419,1025.555839,2000.0
2014-11-08 00:00:00,1541.454120,1025.614089,2000.0
2014-11-08 01:00:00,1464.450432,1025.672401,2000.0
2014-11-08 02:00:00,1974.765915,1025.730776,2000.0
2014-11-08 03:00:00,1925.015619,1025.789214,2000.0
2014-11-08 04:00:00,1831.514201,1025.847715,2000.0
2014-11-08 05:00:00,1926.601115,1025.906281,2000.0
2014-11-08 06:00:00,1800.018536,1025.964910,2000.0
2014-11-08 07:00:00,1973.308972,1026.023603,2000.0
2014-11-08 08:00:00,1955.011491,1026.082359,2000.0
2014-11-08 09:00:00,2013.931953,1026.141180,2000.0
2014-11-08 10:00:00,1957.411160,1026.200064,2000.0
2014-11-08 11:00:00,1980.893643,1026.259011,2000.0
2014-11-08 12:00:00,1964.095955,1026.318022,2000.0
2014-11-08 13:00:00,1797.061800,1026.377094,2000.0
2014-11-08 14:00:00,1275.433588,1026.436228,2000.0
2014-11-08 15:00:00,1040.780168,1026.495423,2000.0
2014-11-08 16:00:00,1168.091218,1026.554677,2000.0
2014-11-08 17:00:00,760.661576,1026.613991,2000.0
2014-11-08 18:00:00,354.517471,1026.673364,2000.0
2014-11-08 19:00:00,258.016466,1026.732794,2000.0
2014-11-08 20:00:00,495.926581,1026.792280,2000.0
2014-11-08 21:00:00,614.110316,1026.851823,2000.0
2014-11-08 22:00:00,1295.145161,1026.911421,2000.0
2014-11-08 23:00:00,1407.543978,1026.971074,2000.0
2014-11-05 12:00:00,1942.156117,1027.030780,2000.0
2014-11-05 13:00:00,1861.038709,1027.090539,2000.0
2014-11-05 14:00:00,1881.178795,1027.150350,2000.0
2014-11-05 15:00:00,1946.998308,1027.210213,2000.0
2014-11-05 16:00:00,2036.386006,1027.270125,2000.0
2014-11-05 17:00:00,2040.028362,1027.330086,2000.0
2014-11-05 18:00:00,1880.278918,1027.390094,2000.0
2014-11-05 19:00:00,1717.229929,1027.450147,2000.0
2014-11-05 20:00:00,1666.579757,1027.510245,2000.0
2014-11-05 21:00:00,1859.153254,1027.570385,2000.0
2014-11-05 22:00:00,1480.905310,1027.630565,2000.0
2014-11-05 23:00:00,1442.810553,1027.690783,2000.0
2014-11-06 00:00:00,1424.084559,1027.751038,2000.0
2014-11-06 01:00:00,1188.488411,1027.811327,2000.0
2014-11-06 02:00:00,1452.323530,1027.871648,2000.0
2014-11-06 03:00:00,744.549508,1027.931998,2000.0
2014-11-06 04:00:00,395.526113,1027.992375,2000.0
2014-11-06 05:00:00,265.258327,1028.052776,2000.0
2014-11-06 06:00:00,1058.906245,1028.113200,2000.0
2014-11-06 07:00:00,818.510757,1028.173643,2000.0
2014-11-06 08:00:00,938.151435,1028.234103,2000.0
2014-11-06 09:00:00,198.024722,1028.294578,2000.0
2014-11-06 10:00:00,282.655932,1028.355064,2000.0
2014-11-06 11:00:00,156.758973,1028.415561,2000.0
2014-11-06 12:00:00,132.676573,1028.476064,2000.0
2014-11-06 13:00:00,135.547606,1028.536571,2000.0
2014-11-06 14:00:00,139.318516,1028.597080,2000.0
2014-11-06 15:00:00,132.419465,1028.657589,2000.0
2014-11-06 16:00:00,134.262069,1028.718095,2000.0
2014-11-06 17:00:00,128.819961,1028.778595,2000.0
2014-11-06 18:00:00,133.276490,1028.839088,2000.0
2014-11-06 19:00:00,136.190375,1028.899572,2000.0
2014-11-06 20:00:00,132.633722,1028.960043,2000.0
2014-11-06 21:00:00,135.804714,1029.020499,2000.0
2014-11-06 22:00:00,130.576862,1029.080940,2000.0
2014-11-06 23:00:00,1184.331840,1029.141362,2000.0
2014-11-09 12:00:00,893.286181,1029.201763,2000.0
2014-11-09 13:00:00,661.332389,1029.262142,2000.0
2014-11-09 14:00:00,551.933159,1029.322496,2000.0
2014-11-09 15:00:00,462.159800,1029.382823,2000.0
2014-11-09 16:00:00,383.056400,1029.443122,2000.0
2014-11-09 17:00:00,476.986331,1029.503389,2000.0
2014-11-09 18:00:00,450.461410,1029.563623,2000.0
2014-11-09 19:00:00,444.847896,1029.623822,2000.0
2014-11-09 20:00:00,471.629925,1029.683983,2000.0
2014-11-09 21:00:00,272.328782,1029.744105,2000.0
2014-11-09 22:00:00,266.886674,1029.804186,2000.0
2014-11-09 23:00:00,723.852356,1029.864223,2000.0
2014-11-10 00:00:00,696.213303,1029.924215,2000.0
2014-11-10 01:00:00,226.992164,1029.984160,2000.0
2014-11-10 02:00:00,153.459427,1030.044056,2000.0
2014-11-10 03:00:00,135.290499,1030.103900,2000.0
2014-11-10 04:00:00,139.061409,1030.163691,2000.0
2014-11-10 05:00:00,138.290086,1030.223428,2000.0
2014-11-10 06:00:00,139.275665,1030.283109,2000.0
2014-11-10 07:00:00,170.685628,1030.342731,2000.0
2014-11-10 08:00:00,135.719011,1030.402294,2000.0
2014-11-10 09:00:00,128.434300,1030.461795,2000.0
2014-11-10 10:00:00,137.218805,1030.521234,2000.0
2014-11-10 11:00:00,140.604053,1030.580609,2000.0
2014-11-11 12:00:00,140.989715,1030.639919,2000.0
2014-11-11 13:00:00,133.919259,1030.699163,2000.0
2014-11-11 14:00:00,162.201081,1030.758339,2000.0
2014-11-11 15:00:00,143.432236,1030.817447,2000.0
2014-11-11 16:00:00,675.001936,1030.876485,2000.0
2014-11-11 17:00:00,514.095509,1030.935454,2000.0
2014-11-11 18:00:00,520.008981,1030.994351,2000.0
2014-11-11 19:00:00,578.329526,1031.053178,2000.0
2014-11-11 20:00:00,574.815724,1031.111932,2000.0
2014-11-11 21:00:00,488.556167,1031.170613,2000.0
2014-11-11 22:00:00,687.943012,1031.229221,2000.0
2014-11-11 23:00:00,1700.646497,1031.287755,2000.0
2014-11-12 00:00:00,1730.856625,1031.346215,2000.0
2014-11-12 01:00:00,1703.517531,1031.404600,2000.0
2014-11-12 02:00:00,1846.255029,1031.462909,2000.0
2014-11-12 03:00:00,1846.469286,1031.521143,2000.0
2014-11-12 04:00:00,992.915326,1031.579300,2000.0
2014-11-12 05:00:00,1092.458770,1031.637379,2000.0
2014-11-12 06:00:00,1104.414267,1031.695379,2000.0
2014-11-12 07:00:00,1540.554244,1031.753300,2000.0
2014-11-12 08:00:00,1687.148355,1031.811140,2000.0
2014-11-12 09:00:00,1926.429710,1031.868898,2000.0
2014-11-12 10:00:00,1328.440579,1031.926573,2000.0
2014-11-12 11:00:00,1607.059377,1031.984164,2000.0
2014-11-12 12:00:00,1386.889678,1032.041669,2000.0
2014-11-12 13:00:00,792.200093,1032.099087,2000.0
2014-11-12 14:00:00,604.254530,1032.156417,2000.0
2014-11-12 15:00:00,496.226540,1032.213655,2000.0
2014-11-12 16:00:00,645.648833,1032.270802,2000.0
2014-11-12 17:00:00,1262.663917,1032.327856,2000.0
2014-11-12 18:00:00,1170.233780,1032.384814,2000.0
2014-11-12 19:00:00,1204.257669,1032.441676,2000.0
2014-11-12 20:00:00,946.250320,1032.498440,2000.0
2014-11-12 21:00:00,364.159001,1032.555104,2000.0
2014-11-12 22:00:00,722.566819,1032.611666,2000.0
2014-11-12 23:00:00,472.058437,1032.668126,2000.0
2014-11-10 12:00:00,606.611348,1032.724481,2000.0
2014-11-10 13:00:00,342.990486,1032.780730,2000.0
2014-11-10 14:00:00,496.012284,1032.836872,2000.0
2014-11-10 15:00:00,1053.721244,1032.892904,2000.0
2014-11-10 16:00:00,875.288658,1032.948826,2000.0
2014-11-10 17:00:00,901.085107,1033.004637,2000.0
2014-11-10 18:00:00,1006.841981,1033.060334,2000.0
2014-11-10 19:00:00,1077.803644,1033.115917,2000.0
2014-11-10 20:00:00,1604.659707,1033.171385,2000.0
2014-11-10 21:00:00,1601.874376,1033.226735,2000.0
2014-11-10 22:00:00,1142.551876,1033.281967,2000.0
2014-11-10 23:00:00,1509.787050,1033.337078,2000.0
2014-11-11 00:00:00,1306.886402,1033.392068,2000.0
2014-11-11 01:00:00,522.108692,1033.446934,2000.0
2014-11-11 02:00:00,615.095895,1033.501675,2000.0
2014-11-11 03:00:00,634.121848,1033.556289,2000.0
2014-11-11 04:00:00,1486.904485,1033.610773,2000.0
2014-11-11 05:00:00,1043.222689,1033.665127,2000.0
2014-11-11 06:00:00,1474.134814,1033.719349,2000.0
2014-11-11 07:00:00,1603.331319,1033.773436,2000.0
2014-11-11 08:00:00,1740.241048,1033.827387,2000.0
2014-11-11 09:00:00,1791.705394,1033.881200,2000.0
2014-11-11 10:00:00,1810.688496,1033.934872,2000.0
2014-11-11 11:00:00,1525.556308,1033.955636,2000.0
2014-11-09 00:00:00,474.929471,1033.976749,2000.0
2014-11-09 01:00:00,553.604358,1033.998208,2000.0
2014-11-09 02:00:00,632.107839,1034.020010,2000.0
2014-11-09 03:00:00,1166.891383,1034.042153,2000.0
2014-11-09 04:00:00,976.417597,1034.064632,2000.0
2014-11-09 05:00:00,958.934289,1034.087446,2000.0
2014-11-09 06:00:00,966.861769,1034.110592,2000.0
2014-11-09 07:00:00,1325.612397,1034.134066,2000.0
2014-11-09 08:00:00,1743.026379,1034.157865,2000.0
2014-11-09 09:00:00,1804.003701,1034.181986,2000.0
2014-11-09 10:00:00,1428.498237,1034.206426,2000.0
2014-11-09 11:00:00,1790.848369,1034.231182,2000.0
2014-11-14 12:00:00,1447.524190,1034.256250,2000.0
2014-11-14 13:00:00,1117.183938,1034.281626,2000.0
2014-11-14 14:00:00,532.992908,1034.307308,2000.0
2014-11-14 15:00:00,473.129718,1034.333291,2000.0
2014-11-14 16:00:00,832.865925,1034.359572,2000.0
2014-11-14 17:00:00,1135.738528,1034.386148,2000.0
2014-11-14 18:00:00,1636.969546,1034.413015,2000.0
2014-11-14 19:00:00,1556.837717,1034.440170,2000.0
2014-11-14 20:00:00,1211.499530,1034.467609,2000.0
2014-11-14 21:00:00,647.277180,1034.495329,2000.0
2014-11-14 22:00:00,824.809890,1034.523327,2000.0
2014-11-14 23:00:00,1657.323888,1034.551599,2000.0
2014-11-16 00:00:00,1742.597867,1034.580141,2000.0
2014-11-16 01:00:00,1726.700055,1034.608951,2000.0
2014-11-16 02:00:00,1836.484946,1034.638025,2000.0
2014-11-16 03:00:00,1815.016472,1034.667358,2000.0
2014-11-16 04:00:00,1224.183498,1034.696948,2000.0
2014-11-16 05:00:00,1161.577829,1034.726791,2000.0
2014-11-16 06:00:00,1319.827478,1034.756883,2000.0
2014-11-16 07:00:00,1577.791976,1034.787221,2000.0
2014-11-16 08:00:00,1869.223297,1034.817800,2000.0
2014-11-16 09:00:00,2058.368695,1034.848616,2000.0
2014-11-16 10:00:00,1277.619002,1034.879668,2000.0
2014-11-16 11:00:00,1763.380721,1034.910949,2000.0
2014-11-16 12:00:00,1553.195361,1034.942457,2000.0
2014-11-16 13:00:00,988.201689,1034.974187,2000.0
2014-11-16 14:00:00,647.020073,1035.006136,2000.0
2014-11-16 15:00:00,853.734481,1035.038300,2000.0
2014-11-16 16:00:00,1107.756664,1035.070675,2000.0
2014-11-16 17:00:00,957.905859,1035.103257,2000.0
2014-11-16 18:00:00,1905.304046,1035.136043,2000.0
2014-11-16 19:00:00,1248.351601,1035.169029,2000.0
2014-11-16 20:00:00,1032.638431,1035.202212,2000.0
2014-11-16 21:00:00,603.911720,1035.235587,2000.0
2014-11-16 22:00:00,848.335224,1035.269152,2000.0
2014-11-16 23:00:00,1647.768060,1035.302904,2000.0
2014-11-17 00:00:00,1757.081588,1035.336838,2000.0
2014-11-17 01:00:00,1794.276469,1035.370951,2000.0
2014-11-17 02:00:00,1850.754410,1035.405240,2000.0
2014-11-17 03:00:00,1938.085249,1035.439702,2000.0
2014-11-17 04:00:00,1772.293780,1035.474333,2000.0
2014-11-17 05:00:00,1753.782042,1035.509130,2000.0
2014-11-17 06:00:00,1857.267800,1035.544088,2000.0
2014-11-17 07:00:00,1832.242672,1035.579204,2000.0
2014-11-17 08:00:00,1811.202711,1035.614476,2000.0
2014-11-17 09:00:00,1901.875946,1035.649898,2000.0
2014-11-17 10:00:00,1159.992333,1035.685468,2000.0
2014-11-17 11:00:00,1744.526173,1035.721181,2000.0
2014-11-13 00:00:00,505.525260,1035.757035,2000.0
2014-11-13 01:00:00,265.601137,1035.793024,2000.0
2014-11-13 02:00:00,252.102994,1035.829147,2000.0
2014-11-13 03:00:00,451.832649,1035.865399,2000.0
2014-11-13 04:00:00,613.381845,1035.901776,2000.0
2014-11-13 05:00:00,510.924517,1035.938277,2000.0
2014-11-13 06:00:00,391.712352,1035.974898,2000.0
2014-11-13 07:00:00,495.155259,1036.011636,2000.0
2014-11-13 08:00:00,414.852025,1036.048488,2000.0
2014-11-13 09:00:00,443.948020,1036.085452,2000.0
2014-11-13 10:00:00,515.552452,1036.122525,2000.0
2014-11-13 11:00:00,770.303106,1036.159705,2000.0
2014-11-13 12:00:00,746.692070,1036.196990,2000.0
2014-11-13 13:00:00,659.489785,1036.234376,2000.0
2014-11-13 14:00:00,248.117828,1036.271862,2000.0
2014-11-13 15:00:00,169.014429,1036.309447,2000.0
2014-11-13 16:00:00,143.517938,1036.347127,2000.0
2014-11-13 17:00:00,135.633309,1036.384901,2000.0
2014-11-13 18:00:00,194.982284,1036.422767,2000.0
2014-11-13 19:00:00,163.229511,1036.460724,2000.0
2014-11-13 20:00:00,141.846739,1036.498771,2000.0
2014-11-13 21:00:00,132.290912,1036.536905,2000.0
2014-11-13 22:00:00,137.090251,1036.575126,2000.0
2014-11-13 23:00:00,134.519177,1036.613432,2000.0
2014-11-14 00:00:00,147.503104,1036.651822,2000.0
2014-11-14 01:00:00,139.018557,1036.690297,2000.0
2014-11-14 02:00:00,139.404218,1036.728853,2000.0
2014-11-14 03:00:00,188.340341,1036.767492,2000.0
2014-11-14 04:00:00,256.773780,1036.806212,2000.0
2014-11-14 05:00:00,197.381954,1036.845013,2000.0
2014-11-14 06:00:00,160.958395,1036.883895,2000.0
2014-11-14 07:00:00,207.109186,1036.922856,2000.0
2014-11-14 08:00:00,341.533544,1036.961897,2000.0
2014-11-14 09:00:00,1122.583195,1037.001018,2000.0
2014-11-14 10:00:00,1919.616362,1037.040219,2000.0
2014-11-14 11:00:00,1846.597839,1037.079499,2000.0
2014-11-18 00:00:00,1858.124824,1037.118858,2000.0
2014-11-18 01:00:00,1895.491111,1037.158295,2000.0
2014-11-18 02:00:00,1126.696915,1037.197812,2000.0
2014-11-18 03:00:00,1163.377581,1037.237406,2000.0
2014-11-18 04:00:00,1211.156720,1037.277078,2000.0
2014-11-18 05:00:00,1037.437771,1037.316826,2000.0
2014-11-18 06:00:00,1297.244872,1037.356651,2000.0
2014-11-18 07:00:00,1620.557519,1037.396553,2000.0
2014-11-18 08:00:00,1503.102255,1037.436529,2000.0
2014-11-18 09:00:00,1536.869037,1037.476580,2000.0
2014-11-18 10:00:00,2063.210885,1037.516706,2000.0
2014-11-18 11:00:00,1793.590849,1037.556905,2000.0
2014-11-18 12:00:00,1521.785399,1037.597177,2000.0
2014-11-18 13:00:00,1453.823323,1037.637520,2000.0
2014-11-18 14:00:00,665.746067,1037.677935,2000.0
2014-11-18 15:00:00,841.179066,1037.718420,2000.0
2014-11-18 16:00:00,475.143727,1037.758974,2000.0
2014-11-18 17:00:00,1031.481447,1037.799596,2000.0
2014-11-18 18:00:00,1072.275833,1037.840286,2000.0
2014-11-18 19:00:00,1867.423545,1037.881043,2000.0
2014-11-18 20:00:00,1924.244296,1037.921866,2000.0
2014-11-18 21:00:00,1671.979014,1037.962754,2000.0
2014-11-18 22:00:00,1875.051066,1038.003706,2000.0
2014-11-18 23:00:00,1765.437580,1038.044722,2000.0
2014-11-20 00:00:00,629.493913,1038.085801,2000.0
2014-11-20 01:00:00,446.347690,1038.126941,2000.0
2014-11-20 02:00:00,1185.874485,1038.168141,2000.0
2014-11-20 03:00:00,1827.486184,1038.209400,2000.0
2014-11-20 04:00:00,1673.350254,1038.250718,2000.0
2014-11-20 05:00:00,1308.600452,1038.292093,2000.0
2014-11-20 06:00:00,1326.640826,1038.333524,2000.0
2014-11-20 07:00:00,1759.181299,1038.375010,2000.0
2014-11-20 08:00:00,1772.422333,1038.416551,2000.0
2014-11-20 09:00:00,1995.463066,1038.458145,2000.0
2014-11-20 10:00:00,1584.262514,1038.499790,2000.0
2014-11-20 11:00:00,1487.290146,1038.541486,2000.0
2014-11-20 12:00:00,1482.405104,1038.583231,2000.0
2014-11-20 13:00:00,1051.707235,1038.625024,2000.0
2014-11-20 14:00:00,763.575461,1038.666863,2000.0
2014-11-20 15:00:00,704.355039,1038.708747,2000.0
2014-11-20 16:00:00,531.750222,1038.750676,2000.0
2014-11-20 17:00:00,990.602231,1038.792647,2000.0
2014-11-20 18:00:00,848.235276,1038.834659,2000.0
2014-11-20 19:00:00,1832.627171,1038.876712,2000.0
2014-11-20 20:00:00,1539.318772,1038.918804,2000.0
2014-11-20 21:00:00,1718.520513,1038.960934,2000.0
2014-11-20 22:00:00,1674.582601,1039.003101,2000.0
2014-11-20 23:00:00,1739.271791,1039.045303,2000.0
2014-11-21 00:00:00,1064.576222,1039.087540,2000.0
2014-11-21 01:00:00,249.796846,1039.129809,2000.0
2014-11-21 02:00:00,436.203187,1039.172111,2000.0
2014-11-21 03:00:00,1074.317653,1039.214442,2000.0
2014-11-21 04:00:00,1043.063895,1039.256803,2000.0
2014-11-21 05:00:00,865.536463,1039.299192,2000.0
2014-11-21 06:00:00,1155.496245,1039.341607,2000.0
2014-11-21 07:00:00,1583.408895,1039.384049,2000.0
2014-11-21 08:00:00,1707.155510,1039.426515,2000.0
2014-11-21 09:00:00,1828.010139,1039.469005,2000.0
2014-11-21 10:00:00,956.913115,1039.511517,2000.0
2014-11-21 11:00:00,1745.816815,1039.554051,2000.0
2014-11-19 00:00:00,1636.783819,1039.596604,2000.0
2014-11-19 01:00:00,1426.886423,1039.639177,2000.0
2014-11-19 02:00:00,1725.420694,1039.681766,2000.0
2014-11-19 03:00:00,1213.894094,1039.724372,2000.0
2014-11-19 04:00:00,1645.662727,1039.766993,2000.0
2014-11-19 05:00:00,1482.899651,1039.809628,2000.0
2014-11-19 06:00:00,1833.743377,1039.852274,2000.0
2014-11-19 07:00:00,1259.962944,1039.894931,2000.0
2014-11-19 08:00:00,1621.512096,1039.937598,2000.0
2014-11-19 09:00:00,1579.806595,1039.980272,2000.0
2014-11-19 10:00:00,1770.576285,1040.022952,2000.0
2014-11-19 11:00:00,1823.900472,1040.065638,2000.0
2014-11-19 12:00:00,1810.049375,1040.108326,2000.0
2014-11-19 13:00:00,1376.403487,1040.151017,2000.0
2014-11-19 14:00:00,1376.860116,1040.193707,2000.0
2014-11-19 15:00:00,1345.048256,1040.236396,2000.0
2014-11-19 16:00:00,1343.120264,1040.279081,2000.0
2014-11-19 17:00:00,1278.431074,1040.321761,2000.0
2014-11-19 18:00:00,1352.455802,1040.364435,2000.0
2014-11-19 19:00:00,1532.266382,1040.407100,2000.0
2014-11-19 20:00:00,1828.974134,1040.449756,2000.0
2014-11-19 21:00:00,1536.071629,1040.492399,2000.0
2014-11-19 22:00:00,1763.067265,1040.535030,2000.0
2014-11-19 23:00:00,1659.361615,1040.577644,2000.0
2014-11-17 12:00:00,1536.376049,1040.620242,2000.0
2014-11-17 13:00:00,1264.174084,1040.662822,2000.0
2014-11-17 14:00:00,1176.602678,1040.705380,2000.0
2014-11-17 15:00:00,1030.633423,1040.747916,2000.0
2014-11-17 16:00:00,540.720624,1040.790427,2000.0
2014-11-17 17:00:00,1024.798712,1040.832912,2000.0
2014-11-17 18:00:00,1315.621016,1040.875370,2000.0
2014-11-17 19:00:00,1405.120413,1040.917797,2000.0
2014-11-17 20:00:00,1672.756082,1040.960194,2000.0
2014-11-17 21:00:00,1619.837788,1041.002557,2000.0
2014-11-17 22:00:00,1648.605451,1041.044885,2000.0
2014-11-17 23:00:00,1818.725337,1041.087177,2000.0
2014-11-23 00:00:00,1152.299837,1041.129430,2000.0
2014-11-23 01:00:00,391.352015,1041.171643,2000.0
2014-11-23 02:00:00,555.180560,1041.213814,2000.0
2014-11-23 03:00:00,1150.168899,1041.255942,2000.0
2014-11-23 04:00:00,1103.795629,1041.298023,2000.0
2014-11-23 05:00:00,913.584042,1041.340057,2000.0
2014-11-23 06:00:00,1042.505792,1041.382043,2000.0
2014-11-23 07:00:00,1481.428289,1041.423978,2000.0
2014-11-23 08:00:00,1751.144160,1041.465861,2000.0
2014-11-23 09:00:00,2171.700000,1041.507690,2000.0
2014-11-23 10:00:00,1147.581332,1041.549464,2000.0
2014-11-23 11:00:00,1744.649872,1041.591180,2000.0
2014-11-23 12:00:00,1640.639802,1041.632838,2000.0
2014-11-23 13:00:00,1540.181295,1041.674436,2000.0
2014-11-23 14:00:00,605.562024,1041.715970,2000.0
2014-11-23 15:00:00,153.549479,1041.757441,2000.0
2014-11-23 16:00:00,-58.428118,1041.798846,2000.0
2014-11-23 17:00:00,-70.655644,1041.840184,2000.0
2014-11-23 18:00:00,431.028052,1041.881452,2000.0
2014-11-23 19:00:00,887.556156,1041.922650,2000.0
2014-11-23 20:00:00,725.046763,1041.963776,2000.0
2014-11-23 21:00:00,1881.486536,1042.004829,2000.0
2014-11-23 22:00:00,919.570963,1042.045808,2000.0
2014-11-23 23:00:00,-35.647376,1042.086711,2000.0
2014-11-24 00:00:00,-67.712920,1042.127537,2000.0
2014-11-24 01:00:00,-57.261176,1042.168286,2000.0
2014-11-24 02:00:00,335.896890,1042.208955,2000.0
2014-11-24 03:00:00,-66.140084,1042.249545,2000.0
2014-11-24 04:00:00,-69.184282,1042.290053,2000.0
2014-11-24 05:00:00,64.912604,1042.330481,2000.0
2014-11-24 06:00:00,-75.577096,1042.370826,2000.0
2014-11-24 07:00:00,-73.344684,1042.411088,2000.0
2014-11-24 08:00:00,-75.881515,1042.451267,2000.0
2014-11-24 09:00:00,-75.577096,1042.491363,2000.0
2014-11-24 10:00:00,-73.496894,1042.531376,2000.0
2014-11-24 11:00:00,1238.247671,1042.571305,2000.0
2014-11-24 12:00:00,778.726107,1042.611150,2000.0
2014-11-24 13:00:00,536.002118,1042.650911,2000.0
2014-11-24 14:00:00,312.811728,1042.690589,2000.0
2014-11-24 15:00:00,274.962210,1042.730184,2000.0
2014-11-24 16:00:00,284.754377,1042.769695,2000.0
2014-11-24 17:00:00,312.304362,1042.809123,2000.0
2014-11-24 18:00:00,319.153806,1042.848469,2000.0
2014-11-24 19:00:00,314.130880,1042.887732,2000.0
2014-11-24 20:00:00,253.652830,1042.926913,2000.0
2014-11-24 21:00:00,-19.310184,1042.966012,2000.0
2014-11-24 22:00:00,64.202292,1043.005030,2000.0
2014-11-24 23:00:00,599.017000,1043.043969,2000.0
2014-11-21 12:00:00,598.272727,1043.082827,2000.0
2014-11-21 13:00:00,714.300000,1043.121607,2000.0
2014-11-21 14:00:00,436.100000,1043.160309,2000.0
2014-11-21 15:00:00,48.350000,1043.198933,2000.0
2014-11-21 16:00:00,58.850000,1043.237481,2000.0
2014-11-21 17:00:00,23.950000,1043.275954,2000.0
2014-11-21 18:00:00,14.050000,1043.314353,2000.0
2014-11-21 19:00:00,18.150000,1043.352679,2000.0
2014-11-21 20:00:00,35.600000,1043.390932,2000.0
2014-11-21 21:00:00,14.750000,1043.429116,2000.0
2014-11-21 22:00:00,20.200000,1043.467229,2000.0
2014-11-21 23:00:00,18.200000,1043.505276,2000.0
2014-11-22 00:00:00,17.400000,1043.543255,2000.0
2014-11-22 01:00:00,21.500000,1043.581171,2000.0
2014-11-22 02:00:00,23.500000,1043.619023,2000.0
2014-11-22 03:00:00,43.150000,1043.656814,2000.0
2014-11-22 04:00:00,632.000000,1043.694546,2000.0
2014-11-22 05:00:00,512.950000,1043.732221,2000.0
2014-11-22 06:00:00,187.500000,1043.769840,2000.0
2014-11-22 07:00:00,228.250000,1043.807405,2000.0
2014-11-22 08:00:00,413.300000,1043.844920,2000.0
2014-11-22 09:00:00,346.550000,1043.882385,2000.0
2014-11-22 10:00:00,588.950000,1043.919802,2000.0
2014-11-22 11:00:00,1655.850000,1043.957175,2000.0
2014-11-22 12:00:00,1832.200000,1043.994505,2000.0
2014-11-22 13:00:00,1873.900000,1044.031794,2000.0
2014-11-22 14:00:00,1627.950000,1044.069044,2000.0
2014-11-22 15:00:00,1019.650000,1044.106258,2000.0
2014-11-22 16:00:00,857.600000,1044.143437,2000.0
2014-11-22 17:00:00,799.150000,1044.180582,2000.0
2014-11-22 18:00:00,996.550000,1044.217697,2000.0
2014-11-22 19:00:00,1365.900000,1044.254782,2000.0
2014-11-22 20:00:00,1719.800000,1044.291839,2000.0
2014-11-22 21:00:00,2296.050000,1044.328871,2000.0
2014-11-22 22:00:00,2037.550000,1044.365879,2000.0
2014-11-22 23:00:00,1727.850000,1044.402864,2000.0
2014-11-25 12:00:00,1651.500000,1044.439829,2000.0
2014-11-25 13:00:00,1305.200000,1044.476774,2000.0
2014-11-25 14:00:00,487.450000,1044.513701,2000.0
2014-11-25 15:00:00,1016.800000,1044.550611,2000.0
2014-11-25 16:00:00,1123.350000,1044.587505,2000.0
2014-11-25 17:00:00,1182.400000,1044.624385,2000.0
2014-11-25 18:00:00,1801.100000,1044.661253,2000.0
2014-11-25 19:00:00,1761.250000,1044.698108,2000.0
2014-11-25 20:00:00,1902.600000,1044.734954,2000.0
2014-11-25 21:00:00,1694.750000,1044.771790,2000.0
2014-11-25 22:00:00,1885.300000,1044.808618,2000.0
2014-11-25 23:00:00,1949.700000,1044.845439,2000.0
2014-11-26 00:00:00,1060.800000,1044.882254,2000.0
2014-11-26 01:00:00,482.400000,1044.919063,2000.0
2014-11-26 02:00:00,549.900000,1044.955867,2000.0
2014-11-26 03:00:00,1065.450000,1044.992668,2000.0
2014-11-26 04:00:00,981.350000,1045.029465,2000.0
2014-11-26 05:00:00,1021.800000,1045.066261,2000.0
2014-11-26 06:00:00,1171.500000,1045.103055,2000.0
2014-11-26 07:00:00,1386.600000,1045.139849,2000.0
2014-11-26 08:00:00,1679.150000,1045.176643,2000.0
2014-11-26 09:00:00,2171.750000,1045.213438,2000.0
2014-11-26 10:00:00,1216.800000,1045.250236,2000.0
2014-11-26 11:00:00,1769.950000,1045.287036,2000.0
2014-11-26 12:00:00,1592.000000,1045.323839,2000.0
2014-11-26 13:00:00,1485.150000,1045.360646,2000.0
2014-11-26 14:00:00,635.700000,1045.397458,2000.0
2014-11-26 15:00:00,221.150000,1045.434274,2000.0
2014-11-26 16:00:00,680.500000,1045.471095,2000.0
2014-11-26 17:00:00,996.600000,1045.507921,2000.0
2014-11-26 18:00:00,1001.450000,1045.544755,2000.0
2014-11-26 19:00:00,1469.200000,1045.581594,2000.0
2014-11-26 20:00:00,1844.600000,1045.618442,2000.0
2014-11-25 00:00:00,1888.750000,1045.655297,2000.0
2014-11-25 01:00:00,1937.700000,1045.692160,2000.0
2014-11-25 02:00:00,2001.500000,1045.729032,2000.0
2014-11-25 03:00:00,2178.700000,1045.765913,2000.0
2014-11-25 04:00:00,1251.850000,1045.802803,2000.0
2014-11-25 05:00:00,599.650000,1045.839703,2000.0
2014-11-25 06:00:00,1031.150000,1045.876611,2000.0
2014-11-25 07:00:00,897.250000,1045.913530,2000.0
2014-11-25 08:00:00,788.700000,1045.950457,2000.0
2014-11-25 09:00:00,931.850000,1045.987394,2000.0
2014-11-25 10:00:00,1258.850000,1046.024341,2000.0
2014-11-25 11:00:00,1655.750000,1046.061298,2000.0
